{
    "Version": "2.0",
    "Content_name": "ClassroomVideo",
    "BoundingBox_center": [0, 0, 0],
    "Fps": 30,
    "Frames_number": 120,
    "Informative": {
        "BoundingBox_size": 0.207846,
        "Document": "MPEG2018/M42415"
    },
    "cameras": [{
            "Name": "viewport",
            "Position": [0, 0, 0],
            "Rotation": [0, 0, 0],
            "Depthmap": 1,
            "Background": 1,
            "Resolution": [2048, 2048],
            "Projection": "Perspective",
            "Focal": [1024, 1024],
            "Principle_point": [1024, 1024],
            "Depth_range": [0.8, 1000],
            "BitDepthColor": 10,
            "BitDepthDepth": 10,
            "HasInvalidDepth": true,
            "ColorSpace": "YUV420",
            "DepthColorSpace": "YUV420"
        }, {
            "Name": "center",
            "Position": [0, 0, 0],
            "Rotation": [0, 0, 0],
            "Depthmap": 1,
            "Background": 1,
            "Resolution": [4096, 2048],
            "Projection": "Equirectangular",
            "Hor_range": [-180, 180],
            "Ver_range": [-90, 90],
            "Depth_range": [0.8, 1000],
            "BitDepthColor": 10,
            "BitDepthDepth": 16,
            "HasInvalidDepth": false,
            "ColorSpace": "YUV420",
            "DepthColorSpace": "YUV420"
        }, {
            "Name": "v0",
            "Position": [0, -0, 0],
            "Rotation": [0, 0, 0],
            "Depthmap": 1,
            "Background": 0,
            "Resolution": [4096, 2048],
            "Hor_range": [-180, 180],
            "Ver_range": [-90, 90],
            "Projection": "Equirectangular",
            "Depth_range": [0.8, 1000],
            "BitDepthColor": 10,
            "BitDepthDepth": 16,
            "HasInvalidDepth": false,
            "ColorSpace": "YUV420",
            "DepthColorSpace": "YUV420"
        }, {
            "Name": "v1",
            "Position": [-0.0519615242, 0.03, 0],
            "Rotation": [0, 0, 0],
            "Depthmap": 1,
            "Background": 0,
            "Resolution": [4096, 2048],
            "Hor_range": [-180, 180],
            "Ver_range": [-90, 90],
            "Projection": "Equirectangular",
            "Depth_range": [0.8, 1000],
            "BitDepthColor": 10,
            "BitDepthDepth": 16,
            "HasInvalidDepth": false,
            "ColorSpace": "YUV420",
            "DepthColorSpace": "YUV420"
        }, {
            "Name": "v2",
            "Position": [-0.0519615242, -0.03, 0],
            "Rotation": [0, 0, 0],
            "Depthmap": 1,
            "Background": 0,
            "Resolution": [4096, 2048],
            "Hor_range": [-180, 180],
            "Ver_range": [-90, 90],
            "Projection": "Equirectangular",
            "Depth_range": [0.8, 1000],
            "BitDepthColor": 10,
            "BitDepthDepth": 16,
            "HasInvalidDepth": false,
            "ColorSpace": "YUV420",
            "DepthColorSpace": "YUV420"
        }, {
            "Name": "v3",
            "Position": [0, 0.06, 0],
            "Rotation": [0, 0, 0],
            "Depthmap": 1,
            "Background": 0,
            "Resolution": [4096, 2048],
            "Hor_range": [-180, 180],
            "Ver_range": [-90, 90],
            "Projection": "Equirectangular",
            "Depth_range": [0.8, 1000],
            "BitDepthColor": 10,
            "BitDepthDepth": 16,
            "HasInvalidDepth": false,
            "ColorSpace": "YUV420",
            "DepthColorSpace": "YUV420"
        }, {
            "Name": "v4",
            "Position": [0, -0.06, 0],
            "Rotation": [0, 0, 0],
            "Depthmap": 1,
            "Background": 0,
            "Resolution": [4096, 2048],
            "Hor_range": [-180, 180],
            "Ver_range": [-90, 90],
            "Projection": "Equirectangular",
            "Depth_range": [0.8, 1000],
            "BitDepthColor": 10,
            "BitDepthDepth": 16,
            "HasInvalidDepth": false,
            "ColorSpace": "YUV420",
            "DepthColorSpace": "YUV420"
        }, {
            "Name": "v5",
            "Position": [0.0519615242, 0.03, 0],
            "Rotation": [0, 0, 0],
            "Depthmap": 1,
            "Background": 0,
            "Resolution": [4096, 2048],
            "Hor_range": [-180, 180],
            "Ver_range": [-90, 90],
            "Projection": "Equirectangular",
            "Depth_range": [0.8, 1000],
            "BitDepthColor": 10,
            "BitDepthDepth": 16,
            "HasInvalidDepth": false,
            "ColorSpace": "YUV420",
            "DepthColorSpace": "YUV420"
        }, {
            "Name": "v6",
            "Position": [0.0519615242, -0.03, 0],
            "Rotation": [0, 0, 0],
            "Depthmap": 1,
            "Background": 0,
            "Resolution": [4096, 2048],
            "Hor_range": [-180, 180],
            "Ver_range": [-90, 90],
            "Projection": "Equirectangular",
            "Depth_range": [0.8, 1000],
            "BitDepthColor": 10,
            "BitDepthDepth": 16,
            "HasInvalidDepth": false,
            "ColorSpace": "YUV420",
            "DepthColorSpace": "YUV420"
        }, {
            "Name": "v7",
            "Position": [0, -0, -0.06],
            "Rotation": [0, 0, 0],
            "Depthmap": 1,
            "Background": 0,
            "Resolution": [4096, 2048],
            "Hor_range": [-180, 180],
            "Ver_range": [-90, 90],
            "Projection": "Equirectangular",
            "Depth_range": [0.8, 1000],
            "BitDepthColor": 10,
            "BitDepthDepth": 16,
            "HasInvalidDepth": false,
            "ColorSpace": "YUV420",
            "DepthColorSpace": "YUV420"
        }, {
            "Name": "v8",
            "Position": [0, -0, 0.06],
            "Rotation": [0, 0, 0],
            "Depthmap": 1,
            "Background": 0,
            "Resolution": [4096, 2048],
            "Hor_range": [-180, 180],
            "Ver_range": [-90, 90],
            "Projection": "Equirectangular",
            "Depth_range": [0.8, 1000],
            "BitDepthColor": 10,
            "BitDepthDepth": 16,
            "HasInvalidDepth": false,
            "ColorSpace": "YUV420",
            "DepthColorSpace": "YUV420"
        }, {
            "Name": "v9",
            "Position": [-0.1039230485, -0, 0],
            "Rotation": [0, 0, 0],
            "Depthmap": 1,
            "Background": 0,
            "Resolution": [4096, 2048],
            "Hor_range": [-180, 180],
            "Ver_range": [-90, 90],
            "Projection": "Equirectangular",
            "Depth_range": [0.8, 1000],
            "BitDepthColor": 10,
            "BitDepthDepth": 16,
            "HasInvalidDepth": false,
            "ColorSpace": "YUV420",
            "DepthColorSpace": "YUV420"
        }, {
            "Name": "v10",
            "Position": [-0.0519615242, 0.09, 0],
            "Rotation": [0, 0, 0],
            "Depthmap": 1,
            "Background": 0,
            "Resolution": [4096, 2048],
            "Hor_range": [-180, 180],
            "Ver_range": [-90, 90],
            "Projection": "Equirectangular",
            "Depth_range": [0.8, 1000],
            "BitDepthColor": 10,
            "BitDepthDepth": 16,
            "HasInvalidDepth": false,
            "ColorSpace": "YUV420",
            "DepthColorSpace": "YUV420"
        }, {
            "Name": "v11",
            "Position": [-0.0519615242, -0.09, 0],
            "Rotation": [0, 0, 0],
            "Depthmap": 1,
            "Background": 0,
            "Resolution": [4096, 2048],
            "Hor_range": [-180, 180],
            "Ver_range": [-90, 90],
            "Projection": "Equirectangular",
            "Depth_range": [0.8, 1000],
            "BitDepthColor": 10,
            "BitDepthDepth": 16,
            "HasInvalidDepth": false,
            "ColorSpace": "YUV420",
            "DepthColorSpace": "YUV420"
        }, {
            "Name": "v12",
            "Position": [0.0519615242, 0.09, 0],
            "Rotation": [0, 0, 0],
            "Depthmap": 1,
            "Background": 0,
            "Resolution": [4096, 2048],
            "Hor_range": [-180, 180],
            "Ver_range": [-90, 90],
            "Projection": "Equirectangular",
            "Depth_range": [0.8, 1000],
            "BitDepthColor": 10,
            "BitDepthDepth": 16,
            "HasInvalidDepth": false,
            "ColorSpace": "YUV420",
            "DepthColorSpace": "YUV420"
        }, {
            "Name": "v13",
            "Position": [0.0519615242, -0.09, 0],
            "Rotation": [0, 0, 0],
            "Depthmap": 1,
            "Background": 0,
            "Resolution": [4096, 2048],
            "Hor_range": [-180, 180],
            "Ver_range": [-90, 90],
            "Projection": "Equirectangular",
            "Depth_range": [0.8, 1000],
            "BitDepthColor": 10,
            "BitDepthDepth": 16,
            "HasInvalidDepth": false,
            "ColorSpace": "YUV420",
            "DepthColorSpace": "YUV420"
        }, {
            "Name": "v14",
            "Position": [0.1039230485, -0, 0],
            "Rotation": [0, 0, 0],
            "Depthmap": 1,
            "Background": 0,
            "Resolution": [4096, 2048],
            "Hor_range": [-180, 180],
            "Ver_range": [-90, 90],
            "Projection": "Equirectangular",
            "Depth_range": [0.8, 1000],
            "BitDepthColor": 10,
            "BitDepthDepth": 16,
            "HasInvalidDepth": false,
            "ColorSpace": "YUV420",
            "DepthColorSpace": "YUV420"
        }
   ]
}
