{
    "Version": "2.0",
    "Content_name": "TechnicolorMuseum",
    "BoundingBox_center": [0, 0, 1.65],
    "Fps": 30,
    "Frames_number": 300,
    "Informative": {
        "Cameras_number": 24,
        "RigRadius": 0.3
    },
    "cameras": [
        {
            "Name": "viewport",
            "Position": [0, 0, 1.65],
            "Rotation": [0, 0, 0],
            "Depthmap": 1,
            "Background": 1,
            "Resolution": [2048, 2048],
            "Projection": "Perspective",
            "Focal": [1024, 1024],
            "Principle_point": [1024, 1024],
            "Depth_range": [0.5, 25],
            "BitDepthColor": 10,
            "BitDepthDepth": 10,
            "HasInvalidDepth": true,
            "ColorSpace": "YUV420",
            "DepthColorSpace": "YUV420"
        }, {
            "Name": "center",
            "Position": [0, 0, 1.65],
            "Rotation": [0, 0, 0],
            "Depthmap": 1,
            "Background": 1,
            "Resolution": [4096, 2048],
            "Projection": "Equirectangular",
            "Hor_range": [-180, 180],
            "Ver_range": [-90, 90],
            "Depth_range": [0.5, 25],
            "BitDepthColor": 10,
            "BitDepthDepth": 16,
            "HasInvalidDepth": false,
            "ColorSpace": "YUV420",
            "DepthColorSpace": "YUV420"
        }, {
            "Name": "v0",
            "Position": [0.0777, -0.1429, 1.3872],
            "Rotation": [-61.4676, 40.3759, 0],
            "Depthmap": 1,
            "Background": 1,
            "Resolution": [2048, 2048],
            "Hor_range": [-90, 90],
            "Ver_range": [-90, 90],
            "Projection": "Equirectangular",
            "Depth_range": [0.5, 25],
            "BitDepthColor": 10,
            "BitDepthDepth": 16,
            "HasInvalidDepth": false,
            "ColorSpace": "YUV420",
            "DepthColorSpace": "YUV420"
        }, {
            "Name": "v1",
            "Position": [0.1429, 0.2628, 1.7277],
            "Rotation": [61.4676, -14.1095, 0],
            "Depthmap": 1,
            "Background": 1,
            "Resolution": [2048, 2048],
            "Hor_range": [-90, 90],
            "Ver_range": [-90, 90],
            "Projection": "Equirectangular",
            "Depth_range": [0.5, 25],
            "BitDepthColor": 10,
            "BitDepthDepth": 16,
            "HasInvalidDepth": false,
            "ColorSpace": "YUV420",
            "DepthColorSpace": "YUV420"
        }, {
            "Name": "v2",
            "Position": [0.2628, 0.0777, 1.7929],
            "Rotation": [16.4676, -24.8121, 0],
            "Depthmap": 1,
            "Background": 1,
            "Resolution": [2048, 2048],
            "Hor_range": [-90, 90],
            "Ver_range": [-90, 90],
            "Projection": "Equirectangular",
            "Depth_range": [0.5, 25],
            "BitDepthColor": 10,
            "BitDepthDepth": 16,
            "HasInvalidDepth": false,
            "ColorSpace": "YUV420",
            "DepthColorSpace": "YUV420"
        }, {
            "Name": "v3",
            "Position": [0.1429, -0.2628, 1.5723],
            "Rotation": [-61.4676, 14.1095, 0],
            "Depthmap": 1,
            "Background": 1,
            "Resolution": [2048, 2048],
            "Hor_range": [-90, 90],
            "Ver_range": [-90, 90],
            "Projection": "Equirectangular",
            "Depth_range": [0.5, 25],
            "BitDepthColor": 10,
            "BitDepthDepth": 16,
            "HasInvalidDepth": false,
            "ColorSpace": "YUV420",
            "DepthColorSpace": "YUV420"
        }, {
            "Name": "v4",
            "Position": [0.0777, 0.1429, 1.9128],
            "Rotation": [61.4676, -40.3759, 0],
            "Depthmap": 1,
            "Background": 1,
            "Resolution": [2048, 2048],
            "Hor_range": [-90, 90],
            "Ver_range": [-90, 90],
            "Projection": "Equirectangular",
            "Depth_range": [0.5, 25],
            "BitDepthColor": 10,
            "BitDepthDepth": 16,
            "HasInvalidDepth": false,
            "ColorSpace": "YUV420",
            "DepthColorSpace": "YUV420"
        }, {
            "Name": "v5",
            "Position": [0.2628, -0.0777, 1.5071],
            "Rotation": [-16.4676, 24.8121, 0],
            "Depthmap": 1,
            "Background": 1,
            "Resolution": [2048, 2048],
            "Hor_range": [-90, 90],
            "Ver_range": [-90, 90],
            "Projection": "Equirectangular",
            "Depth_range": [0.5, 25],
            "BitDepthColor": 10,
            "BitDepthDepth": 16,
            "HasInvalidDepth": false,
            "ColorSpace": "YUV420",
            "DepthColorSpace": "YUV420"
        }, {
            "Name": "v6",
            "Position": [0.1429, 0.0777, 1.3872],
            "Rotation": [28.5324, 40.3759, 0],
            "Depthmap": 1,
            "Background": 1,
            "Resolution": [2048, 2048],
            "Hor_range": [-90, 90],
            "Ver_range": [-90, 90],
            "Projection": "Equirectangular",
            "Depth_range": [0.5, 25],
            "BitDepthColor": 10,
            "BitDepthDepth": 16,
            "HasInvalidDepth": false,
            "ColorSpace": "YUV420",
            "DepthColorSpace": "YUV420"
        }, {
            "Name": "v7",
            "Position": [0.0777, 0.2628, 1.5071],
            "Rotation": [73.5324, 24.8121, 0],
            "Depthmap": 1,
            "Background": 1,
            "Resolution": [2048, 2048],
            "Hor_range": [-90, 90],
            "Ver_range": [-90, 90],
            "Projection": "Equirectangular",
            "Depth_range": [0.5, 25],
            "BitDepthColor": 10,
            "BitDepthDepth": 16,
            "HasInvalidDepth": false,
            "ColorSpace": "YUV420",
            "DepthColorSpace": "YUV420"
        }, {
            "Name": "v8",
            "Position": [0.2628, 0.1429, 1.5723],
            "Rotation": [28.5324, 14.1095, 0],
            "Depthmap": 1,
            "Background": 1,
            "Resolution": [2048, 2048],
            "Hor_range": [-90, 90],
            "Ver_range": [-90, 90],
            "Projection": "Equirectangular",
            "Depth_range": [0.5, 25],
            "BitDepthColor": 10,
            "BitDepthDepth": 16,
            "HasInvalidDepth": false,
            "ColorSpace": "YUV420",
            "DepthColorSpace": "YUV420"
        }, {
            "Name": "v9",
            "Position": [0.1429, -0.0777, 1.9128],
            "Rotation": [-28.5324, -40.3759, 0],
            "Depthmap": 1,
            "Background": 1,
            "Resolution": [2048, 2048],
            "Hor_range": [-90, 90],
            "Ver_range": [-90, 90],
            "Projection": "Equirectangular",
            "Depth_range": [0.5, 25],
            "BitDepthColor": 10,
            "BitDepthDepth": 16,
            "HasInvalidDepth": false,
            "ColorSpace": "YUV420",
            "DepthColorSpace": "YUV420"
        }, {
            "Name": "v10",
            "Position": [0.0777, -0.2628, 1.7929],
            "Rotation": [-73.5324, -24.8121, 0],
            "Depthmap": 1,
            "Background": 1,
            "Resolution": [2048, 2048],
            "Hor_range": [-90, 90],
            "Ver_range": [-90, 90],
            "Projection": "Equirectangular",
            "Depth_range": [0.5, 25],
            "BitDepthColor": 10,
            "BitDepthDepth": 16,
            "HasInvalidDepth": false,
            "ColorSpace": "YUV420",
            "DepthColorSpace": "YUV420"
        }, {
            "Name": "v11",
            "Position": [0.2628, -0.1429, 1.7277],
            "Rotation": [-28.5324, -14.1095, 0],
            "Depthmap": 1,
            "Background": 1,
            "Resolution": [2048, 2048],
            "Hor_range": [-90, 90],
            "Ver_range": [-90, 90],
            "Projection": "Equirectangular",
            "Depth_range": [0.5, 25],
            "BitDepthColor": 10,
            "BitDepthDepth": 16,
            "HasInvalidDepth": false,
            "ColorSpace": "YUV420",
            "DepthColorSpace": "YUV420"
        }, {
            "Name": "v12",
            "Position": [-0.2628, -0.0777, 1.7929],
            "Rotation": [-163.5324, -24.8121, 0],
            "Depthmap": 1,
            "Background": 1,
            "Resolution": [2048, 2048],
            "Hor_range": [-90, 90],
            "Ver_range": [-90, 90],
            "Projection": "Equirectangular",
            "Depth_range": [0.5, 25],
            "BitDepthColor": 10,
            "BitDepthDepth": 16,
            "HasInvalidDepth": false,
            "ColorSpace": "YUV420",
            "DepthColorSpace": "YUV420"
        }, {
            "Name": "v13",
            "Position": [-0.0777, -0.1429, 1.9128],
            "Rotation": [-118.5324, -40.3759, 0],
            "Depthmap": 1,
            "Background": 1,
            "Resolution": [2048, 2048],
            "Hor_range": [-90, 90],
            "Ver_range": [-90, 90],
            "Projection": "Equirectangular",
            "Depth_range": [0.5, 25],
            "BitDepthColor": 10,
            "BitDepthDepth": 16,
            "HasInvalidDepth": false,
            "ColorSpace": "YUV420",
            "DepthColorSpace": "YUV420"
        }, {
            "Name": "v14",
            "Position": [-0.1429, -0.2628, 1.7277],
            "Rotation": [-118.5324, -14.1095, 0],
            "Depthmap": 1,
            "Background": 1,
            "Resolution": [2048, 2048],
            "Hor_range": [-90, 90],
            "Ver_range": [-90, 90],
            "Projection": "Equirectangular",
            "Depth_range": [0.5, 25],
            "BitDepthColor": 10,
            "BitDepthDepth": 16,
            "HasInvalidDepth": false,
            "ColorSpace": "YUV420",
            "DepthColorSpace": "YUV420"
        }, {
            "Name": "v15",
            "Position": [-0.0777, 0.1429, 1.3872],
            "Rotation": [118.5324, 40.3759, 0],
            "Depthmap": 1,
            "Background": 1,
            "Resolution": [2048, 2048],
            "Hor_range": [-90, 90],
            "Ver_range": [-90, 90],
            "Projection": "Equirectangular",
            "Depth_range": [0.5, 25],
            "BitDepthColor": 10,
            "BitDepthDepth": 16,
            "HasInvalidDepth": false,
            "ColorSpace": "YUV420",
            "DepthColorSpace": "YUV420"
        }, {
            "Name": "v16",
            "Position": [-0.2628, 0.0777, 1.5071],
            "Rotation": [163.5324, 24.8121, 0],
            "Depthmap": 1,
            "Background": 1,
            "Resolution": [2048, 2048],
            "Hor_range": [-90, 90],
            "Ver_range": [-90, 90],
            "Projection": "Equirectangular",
            "Depth_range": [0.5, 25],
            "BitDepthColor": 10,
            "BitDepthDepth": 16,
            "HasInvalidDepth": false,
            "ColorSpace": "YUV420",
            "DepthColorSpace": "YUV420"
        }, {
            "Name": "v17",
            "Position": [-0.1429, 0.2628, 1.5723],
            "Rotation": [118.5324, 14.1095, 0],
            "Depthmap": 1,
            "Background": 1,
            "Resolution": [2048, 2048],
            "Hor_range": [-90, 90],
            "Ver_range": [-90, 90],
            "Projection": "Equirectangular",
            "Depth_range": [0.5, 25],
            "BitDepthColor": 10,
            "BitDepthDepth": 16,
            "HasInvalidDepth": false,
            "ColorSpace": "YUV420",
            "DepthColorSpace": "YUV420"
        }, {
            "Name": "v18",
            "Position": [-0.0777, 0.2628, 1.7929],
            "Rotation": [106.4676, -24.8121, 0],
            "Depthmap": 1,
            "Background": 1,
            "Resolution": [2048, 2048],
            "Hor_range": [-90, 90],
            "Ver_range": [-90, 90],
            "Projection": "Equirectangular",
            "Depth_range": [0.5, 25],
            "BitDepthColor": 10,
            "BitDepthDepth": 16,
            "HasInvalidDepth": false,
            "ColorSpace": "YUV420",
            "DepthColorSpace": "YUV420"
        }, {
            "Name": "v19",
            "Position": [-0.2628, -0.1429, 1.5723],
            "Rotation": [-151.4676, 14.1095, 0],
            "Depthmap": 1,
            "Background": 1,
            "Resolution": [2048, 2048],
            "Hor_range": [-90, 90],
            "Ver_range": [-90, 90],
            "Projection": "Equirectangular",
            "Depth_range": [0.5, 25],
            "BitDepthColor": 10,
            "BitDepthDepth": 16,
            "HasInvalidDepth": false,
            "ColorSpace": "YUV420",
            "DepthColorSpace": "YUV420"
        }, {
            "Name": "v20",
            "Position": [-0.1429, -0.0777, 1.3872],
            "Rotation": [-151.4676, 40.3759, 0],
            "Depthmap": 1,
            "Background": 1,
            "Resolution": [2048, 2048],
            "Hor_range": [-90, 90],
            "Ver_range": [-90, 90],
            "Projection": "Equirectangular",
            "Depth_range": [0.5, 25],
            "BitDepthColor": 10,
            "BitDepthDepth": 16,
            "HasInvalidDepth": false,
            "ColorSpace": "YUV420",
            "DepthColorSpace": "YUV420"
        }, {
            "Name": "v21",
            "Position": [-0.2628, 0.1429, 1.7277],
            "Rotation": [151.4676, -14.1095, 0],
            "Depthmap": 1,
            "Background": 1,
            "Resolution": [2048, 2048],
            "Hor_range": [-90, 90],
            "Ver_range": [-90, 90],
            "Projection": "Equirectangular",
            "Depth_range": [0.5, 25],
            "BitDepthColor": 10,
            "BitDepthDepth": 16,
            "HasInvalidDepth": false,
            "ColorSpace": "YUV420",
            "DepthColorSpace": "YUV420"
        }, {
            "Name": "v22",
            "Position": [-0.1429, 0.0777, 1.9128],
            "Rotation": [151.4676, -40.3759, 0],
            "Depthmap": 1,
            "Background": 1,
            "Resolution": [2048, 2048],
            "Hor_range": [-90, 90],
            "Ver_range": [-90, 90],
            "Projection": "Equirectangular",
            "Depth_range": [0.5, 25],
            "BitDepthColor": 10,
            "BitDepthDepth": 16,
            "HasInvalidDepth": false,
            "ColorSpace": "YUV420",
            "DepthColorSpace": "YUV420"
        }, {
            "Name": "v23",
            "Position": [-0.0777, -0.2628, 1.5071],
            "Rotation": [-106.4676, 24.8121, 0],
            "Depthmap": 1,
            "Background": 1,
            "Resolution": [2048, 2048],
            "Hor_range": [-90, 90],
            "Ver_range": [-90, 90],
            "Projection": "Equirectangular",
            "Depth_range": [0.5, 25],
            "BitDepthColor": 10,
            "BitDepthDepth": 16,
            "HasInvalidDepth": false,
            "ColorSpace": "YUV420",
            "DepthColorSpace": "YUV420"
        }
   ]
}
