{
    "Version": "2.0",
    "Content_name": "TechnicolorHijack",
    "BoundingBox_center": [0, 0, 1.65],
    "Fps": 30,
    "Frames_number": 300,
    "Informative": {
        "Cameras_number": 10,
        "RigRadius": 0.3
    },
    "cameras": [{
            "Name": "viewport",
            "Position": [0, 0, 1.65],
            "Rotation": [0, 0, 0],
            "Depthmap": 1,
            "Background": 1,
            "Resolution": [2048, 2048],
            "Projection": "Perspective",
            "Focal": [1024, 1024],
            "Principle_point": [1024, 1024],
            "Depth_range": [0.5, 25],
            "BitDepthColor": 10,
            "BitDepthDepth": 10,
            "HasInvalidDepth": true,
            "ColorSpace": "YUV420",
            "DepthColorSpace": "YUV420"
        }, {
            "Name": "center",
            "Position": [0, 0, 1.65],
            "Rotation": [0, 0, 0],
            "Depthmap": 1,
            "Background": 1,
            "Resolution": [4096, 4096],
            "Projection": "Equirectangular",
            "Hor_range": [-90, 90],
            "Ver_range": [-90, 90],
            "Depth_range": [0.5, 25],
            "BitDepthColor": 10,
            "BitDepthDepth": 16,
            "HasInvalidDepth": false,
            "ColorSpace": "YUV420",
            "DepthColorSpace": "YUV420"
        }, {
            "Name": "v0",
            "Position": [0.3, -0, 1.65],
            "Rotation": [0, -0, 0],
            "Depthmap": 1,
            "Background": 1,
            "Resolution": [4096, 4096],
            "Hor_range": [-90, 90],
            "Ver_range": [-90, 90],
            "Projection": "Equirectangular",
            "Depth_range": [0.5, 25],
            "BitDepthColor": 10,
            "BitDepthDepth": 16,
            "HasInvalidDepth": false,
            "ColorSpace": "YUV420",
            "DepthColorSpace": "YUV420"
        }, {
            "Name": "v1",
            "Position": [0.0927, -0.2853, 1.65],
            "Rotation": [0, -0, 0],
            "Depthmap": 1,
            "Background": 1,
            "Resolution": [4096, 4096],
            "Hor_range": [-90, 90],
            "Ver_range": [-90, 90],
            "Projection": "Equirectangular",
            "Depth_range": [0.5, 25],
            "BitDepthColor": 10,
            "BitDepthDepth": 16,
            "HasInvalidDepth": false,
            "ColorSpace": "YUV420",
            "DepthColorSpace": "YUV420"
        }, {
            "Name": "v2",
            "Position": [-0.2427, -0.1763, 1.65],
            "Rotation": [0, -0, 0],
            "Depthmap": 1,
            "Background": 1,
            "Resolution": [4096, 4096],
            "Hor_range": [-90, 90],
            "Ver_range": [-90, 90],
            "Projection": "Equirectangular",
            "Depth_range": [0.5, 25],
            "BitDepthColor": 10,
            "BitDepthDepth": 16,
            "HasInvalidDepth": false,
            "ColorSpace": "YUV420",
            "DepthColorSpace": "YUV420"
        }, {
            "Name": "v3",
            "Position": [-0.2427, 0.1763, 1.65],
            "Rotation": [0, -0, 0],
            "Depthmap": 1,
            "Background": 1,
            "Resolution": [4096, 4096],
            "Hor_range": [-90, 90],
            "Ver_range": [-90, 90],
            "Projection": "Equirectangular",
            "Depth_range": [0.5, 25],
            "BitDepthColor": 10,
            "BitDepthDepth": 16,
            "HasInvalidDepth": false,
            "ColorSpace": "YUV420",
            "DepthColorSpace": "YUV420"
        }, {
            "Name": "v4",
            "Position": [0.0927, 0.2853, 1.65],
            "Rotation": [0, -0, 0],
            "Depthmap": 1,
            "Background": 1,
            "Resolution": [4096, 4096],
            "Hor_range": [-90, 90],
            "Ver_range": [-90, 90],
            "Projection": "Equirectangular",
            "Depth_range": [0.5, 25],
            "BitDepthColor": 10,
            "BitDepthDepth": 16,
            "HasInvalidDepth": false,
            "ColorSpace": "YUV420",
            "DepthColorSpace": "YUV420"
        }, {
            "Name": "v5",
            "Position": [-0.15, 0, 1.3902],
            "Rotation": [0, -0, 0],
            "Depthmap": 1,
            "Background": 1,
            "Resolution": [4096, 4096],
            "Hor_range": [-90, 90],
            "Ver_range": [-90, 90],
            "Projection": "Equirectangular",
            "Depth_range": [0.5, 25],
            "BitDepthColor": 10,
            "BitDepthDepth": 16,
            "HasInvalidDepth": false,
            "ColorSpace": "YUV420",
            "DepthColorSpace": "YUV420"
        }, {
            "Name": "v6",
            "Position": [0.15, 0, 1.3902],
            "Rotation": [0, -0, 0],
            "Depthmap": 1,
            "Background": 1,
            "Resolution": [4096, 4096],
            "Hor_range": [-90, 90],
            "Ver_range": [-90, 90],
            "Projection": "Equirectangular",
            "Depth_range": [0.5, 25],
            "BitDepthColor": 10,
            "BitDepthDepth": 16,
            "HasInvalidDepth": false,
            "ColorSpace": "YUV420",
            "DepthColorSpace": "YUV420"
        }, {
            "Name": "v7",
            "Position": [-0.15, 0, 1.9098],
            "Rotation": [0, -0, 0],
            "Depthmap": 1,
            "Background": 1,
            "Resolution": [4096, 4096],
            "Hor_range": [-90, 90],
            "Ver_range": [-90, 90],
            "Projection": "Equirectangular",
            "Depth_range": [0.5, 25],
            "BitDepthColor": 10,
            "BitDepthDepth": 16,
            "HasInvalidDepth": false,
            "ColorSpace": "YUV420",
            "DepthColorSpace": "YUV420"
        }, {
            "Name": "v8",
            "Position": [0.15, 0, 1.9098],
            "Rotation": [0, -0, 0],
            "Depthmap": 1,
            "Background": 1,
            "Resolution": [4096, 4096],
            "Hor_range": [-90, 90],
            "Ver_range": [-90, 90],
            "Projection": "Equirectangular",
            "Depth_range": [0.5, 25],
            "BitDepthColor": 10,
            "BitDepthDepth": 16,
            "HasInvalidDepth": false,
            "ColorSpace": "YUV420",
            "DepthColorSpace": "YUV420"
        }, {
            "Name": "v9",
            "Position": [0, -0, 1.65],
            "Rotation": [0, -0, 0],
            "Depthmap": 1,
            "Background": 1,
            "Resolution": [4096, 4096],
            "Hor_range": [-90, 90],
            "Ver_range": [-90, 90],
            "Projection": "Equirectangular",
            "Depth_range": [0.5, 25],
            "BitDepthColor": 10,
            "BitDepthDepth": 16,
            "HasInvalidDepth": false,
            "ColorSpace": "YUV420",
            "DepthColorSpace": "YUV420"
        }
   ]
}
